,mean_rewards,median_rewards,min_rewards,max_rewards,steps
0,-3897.401379,-3897.401379,-4091.700392,-3703.102366,3840
1,-3897.401379,-3897.401379,-4091.700392,-3703.102366,4320
2,-3897.401379,-3897.401379,-4091.700392,-3703.102366,4800
3,-3897.401379,-3897.401379,-4091.700392,-3703.102366,5280
4,-2969.067516333333,-3703.102366,-4091.700392,-1112.399791,5760
5,-2969.067516333333,-3703.102366,-4091.700392,-1112.399791,6240
6,-2969.067516333333,-3703.102366,-4091.700392,-1112.399791,6720
7,-2969.067516333333,-3703.102366,-4091.700392,-1112.399791,7200
8,-2785.078563,-2968.1070345,-4091.700392,-1112.399791,7680
9,-2785.078563,-2968.1070345,-4091.700392,-1112.399791,8160
10,-2785.078563,-2968.1070345,-4091.700392,-1112.399791,8640
11,-2785.078563,-2968.1070345,-4091.700392,-1112.399791,9120
12,-2511.1973226,-2233.111703,-4091.700392,-1112.399791,9600
13,-2511.1973226,-2233.111703,-4091.700392,-1112.399791,10080
14,-2511.1973226,-2233.111703,-4091.700392,-1112.399791,10560
15,-2511.1973226,-2233.111703,-4091.700392,-1112.399791,11040
16,-2303.636476666667,-1824.392032,-4091.700392,-1112.399791,11520
17,-2303.636476666667,-1824.392032,-4091.700392,-1112.399791,12000
18,-2303.636476666667,-1824.392032,-4091.700392,-1112.399791,12480
19,-2303.636476666667,-1824.392032,-4091.700392,-1112.399791,12960
20,-2184.2708364285713,-1468.076995,-4091.700392,-1112.399791,13440
21,-2184.2708364285713,-1468.076995,-4091.700392,-1112.399791,13920
22,-2184.2708364285713,-1468.076995,-4091.700392,-1112.399791,14400
23,-2184.2708364285713,-1468.076995,-4091.700392,-1112.399791,14880
24,-2060.56876375,-1441.874678,-4091.700392,-1112.399791,15360
25,-2060.56876375,-1441.874678,-4091.700392,-1112.399791,15840
26,-2060.56876375,-1441.874678,-4091.700392,-1112.399791,16320
27,-2060.56876375,-1441.874678,-4091.700392,-1112.399791,16800
28,-2081.5556402222223,-1468.076995,-4091.700392,-1112.399791,17280
29,-2081.5556402222223,-1468.076995,-4091.700392,-1112.399791,17760
30,-2081.5556402222223,-1468.076995,-4091.700392,-1112.399791,18240
31,-2081.5556402222223,-1468.076995,-4091.700392,-1112.399791,18720
32,-2016.6582511000001,-1450.329372,-4091.700392,-1112.399791,19200
33,-2016.6582511000001,-1450.329372,-4091.700392,-1112.399791,19680
34,-2016.6582511000001,-1450.329372,-4091.700392,-1112.399791,20160
35,-2016.6582511000001,-1450.329372,-4091.700392,-1112.399791,20640
36,-1859.0655016,-1450.329372,-3703.102366,-1112.399791,21120
37,-1859.0655016,-1450.329372,-3703.102366,-1112.399791,21600
38,-1859.0655016,-1450.329372,-3703.102366,-1112.399791,22080
39,-1859.0655016,-1450.329372,-3703.102366,-1112.399791,22560
40,-1635.1276263999998,-1448.1526815,-2515.772897,-1112.399791,23040
41,-1635.1276263999998,-1448.1526815,-2515.772897,-1112.399791,23520
42,-1635.1276263999998,-1448.1526815,-2515.772897,-1112.399791,24000
43,-1635.1276263999998,-1448.1526815,-2515.772897,-1112.399791,24480
44,-1722.2784063,-1465.9003045,-2515.772897,-1194.654255,24960
45,-1722.2784063,-1465.9003045,-2515.772897,-1194.654255,25440
46,-1722.2784063,-1465.9003045,-2515.772897,-1194.654255,25920
47,-1722.2784063,-1465.9003045,-2515.772897,-1194.654255,26400
48,-1682.2733540000002,-1465.9003045,-2515.772897,-1194.654255,26880
49,-1682.2733540000002,-1465.9003045,-2515.772897,-1194.654255,27360
50,-1682.2733540000002,-1465.9003045,-2515.772897,-1194.654255,27840
51,-1682.2733540000002,-1465.9003045,-2515.772897,-1194.654255,28320
52,-1668.3041238,-1465.9003045,-2515.772897,-1194.654255,28800
53,-1668.3041238,-1465.9003045,-2515.772897,-1194.654255,29280
54,-1668.3041238,-1465.9003045,-2515.772897,-1194.654255,29760
55,-1668.3041238,-1465.9003045,-2515.772897,-1194.654255,30240
56,-1718.0254694999996,-1615.5613494999998,-2515.772897,-1194.654255,30720
57,-1718.0254694999996,-1615.5613494999998,-2515.772897,-1194.654255,31200
58,-1718.0254694999996,-1615.5613494999998,-2515.772897,-1194.654255,31680
59,-1718.0254694999996,-1615.5613494999998,-2515.772897,-1194.654255,32160
60,-1732.8042808999999,-1689.4554065,-2515.772897,-1194.654255,32640
61,-1732.8042808999999,-1689.4554065,-2515.772897,-1194.654255,33120
62,-1732.8042808999999,-1689.4554065,-2515.772897,-1194.654255,33600
63,-1732.8042808999999,-1689.4554065,-2515.772897,-1194.654255,34080
64,-1784.2264605,-1735.9608775,-2515.772897,-1275.980059,34560
65,-1784.2264605,-1735.9608775,-2515.772897,-1275.980059,35040
66,-1784.2264605,-1735.9608775,-2515.772897,-1275.980059,35520
67,-1784.2264605,-1735.9608775,-2515.772897,-1275.980059,36000
68,-1732.0571619000002,-1718.3168584999999,-2515.772897,-1275.980059,36480
69,-1732.0571619000002,-1718.3168584999999,-2515.772897,-1275.980059,36960
70,-1732.0571619000002,-1718.3168584999999,-2515.772897,-1275.980059,37440
71,-1732.0571619000002,-1718.3168584999999,-2515.772897,-1275.980059,37920
72,-1744.7544455,-1718.3168584999999,-2515.772897,-1275.980059,38400
73,-1744.7544455,-1718.3168584999999,-2515.772897,-1275.980059,38880
74,-1744.7544455,-1718.3168584999999,-2515.772897,-1275.980059,39360
75,-1744.7544455,-1718.3168584999999,-2515.772897,-1275.980059,39840
76,-1611.9226227,-1662.37058,-1983.90759,-1187.454669,40320
77,-1611.9226227,-1662.37058,-1983.90759,-1187.454669,40800
78,-1611.9226227,-1662.37058,-1983.90759,-1187.454669,41280
79,-1611.9226227,-1662.37058,-1983.90759,-1187.454669,41760
80,-1572.824239,-1662.37058,-1983.90759,-1072.739777,42240
81,-1572.824239,-1662.37058,-1983.90759,-1072.739777,42720
82,-1572.824239,-1662.37058,-1983.90759,-1072.739777,43200
83,-1572.824239,-1662.37058,-1983.90759,-1072.739777,43680
84,-1643.1362457999999,-1662.37058,-2687.027658,-1072.739777,44160
85,-1643.1362457999999,-1662.37058,-2687.027658,-1072.739777,44640
86,-1643.1362457999999,-1662.37058,-2687.027658,-1072.739777,45120
87,-1643.1362457999999,-1662.37058,-2687.027658,-1072.739777,45600
88,-1637.3648366,-1662.37058,-2687.027658,-1072.739777,46080
89,-1637.3648366,-1662.37058,-2687.027658,-1072.739777,46560
90,-1637.3648366,-1662.37058,-2687.027658,-1072.739777,47040
91,-1637.3648366,-1662.37058,-2687.027658,-1072.739777,47520
92,-1668.2395124,-1662.37058,-2687.027658,-1072.739777,48000
93,-1668.2395124,-1662.37058,-2687.027658,-1072.739777,48480
94,-1668.2395124,-1662.37058,-2687.027658,-1072.739777,48960
95,-1668.2395124,-1662.37058,-2687.027658,-1072.739777,49440
96,-1622.4618069,-1600.295963,-2687.027658,-1072.739777,49920
97,-1622.4618069,-1600.295963,-2687.027658,-1072.739777,50400
98,-1622.4618069,-1600.295963,-2687.027658,-1072.739777,50880
99,-1622.4618069,-1600.295963,-2687.027658,-1072.739777,51360
100,-1648.270457,-1646.801434,-2687.027658,-1072.739777,51840
101,-1648.270457,-1646.801434,-2687.027658,-1072.739777,52320
102,-1648.270457,-1646.801434,-2687.027658,-1072.739777,52800
103,-1648.270457,-1646.801434,-2687.027658,-1072.739777,53280
104,-1655.8663246,-1656.2422415,-2687.027658,-1072.739777,53760
105,-1655.8663246,-1656.2422415,-2687.027658,-1072.739777,54240
106,-1655.8663246,-1656.2422415,-2687.027658,-1072.739777,54720
107,-1655.8663246,-1656.2422415,-2687.027658,-1072.739777,55200
108,-1748.551688,-1680.0369525,-2687.027658,-1072.739777,55680
109,-1748.551688,-1680.0369525,-2687.027658,-1072.739777,56160
110,-1748.551688,-1680.0369525,-2687.027658,-1072.739777,56640
111,-1748.551688,-1680.0369525,-2687.027658,-1072.739777,57120
112,-1732.2261334,-1680.0369525,-2687.027658,-1072.739777,57600
113,-1732.2261334,-1680.0369525,-2687.027658,-1072.739777,58080
114,-1732.2261334,-1680.0369525,-2687.027658,-1072.739777,58560
115,-1732.2261334,-1680.0369525,-2687.027658,-1072.739777,59040
116,-1764.0006440999998,-1680.0369525,-2687.027658,-1072.739777,59520
117,-1764.0006440999998,-1680.0369525,-2687.027658,-1072.739777,60000
118,-1764.0006440999998,-1680.0369525,-2687.027658,-1072.739777,60480
119,-1764.0006440999998,-1680.0369525,-2687.027658,-1072.739777,60960
120,-1916.3082327,-1780.0909075,-2687.027658,-1305.268649,61440
121,-1916.3082327,-1780.0909075,-2687.027658,-1305.268649,61920
122,-1916.3082327,-1780.0909075,-2687.027658,-1305.268649,62400
123,-1916.3082327,-1780.0909075,-2687.027658,-1305.268649,62880
124,-1792.0891002,-1680.0369525,-2654.6113,-1305.268649,63360
125,-1792.0891002,-1680.0369525,-2654.6113,-1305.268649,63840
126,-1792.0891002,-1680.0369525,-2654.6113,-1305.268649,64320
127,-1792.0891002,-1680.0369525,-2654.6113,-1305.268649,64800
128,-1774.5662567,-1592.422735,-2654.6113,-1305.268649,65280
129,-1774.5662567,-1592.422735,-2654.6113,-1305.268649,65760
130,-1774.5662567,-1592.422735,-2654.6113,-1305.268649,66240
131,-1774.5662567,-1592.422735,-2654.6113,-1305.268649,66720
132,-1726.6042937999998,-1552.6592145,-2654.6113,-1105.107188,67200
133,-1726.6042937999998,-1552.6592145,-2654.6113,-1105.107188,67680
134,-1726.6042937999998,-1552.6592145,-2654.6113,-1105.107188,68160
135,-1726.6042937999998,-1552.6592145,-2654.6113,-1105.107188,68640
136,-1757.4026453,-1606.6854085,-2654.6113,-1105.107188,69120
137,-1757.4026453,-1606.6854085,-2654.6113,-1105.107188,69600
138,-1757.4026453,-1606.6854085,-2654.6113,-1105.107188,70080
139,-1757.4026453,-1606.6854085,-2654.6113,-1105.107188,70560
140,-1712.8034999,-1552.6592145,-2654.6113,-1105.107188,71040
141,-1712.8034999,-1552.6592145,-2654.6113,-1105.107188,71520
142,-1712.8034999,-1552.6592145,-2654.6113,-1105.107188,72000
143,-1712.8034999,-1552.6592145,-2654.6113,-1105.107188,72480
144,-1636.3956067000004,-1475.0180544999998,-2654.6113,-1020.755795,72960
145,-1636.3956067000004,-1475.0180544999998,-2654.6113,-1020.755795,73440
146,-1636.3956067000004,-1475.0180544999998,-2654.6113,-1020.755795,73920
147,-1636.3956067000004,-1475.0180544999998,-2654.6113,-1020.755795,74400
148,-1465.1516279,-1436.3982445000001,-2595.815663,-942.171512,74880
149,-1465.1516279,-1436.3982445000001,-2595.815663,-942.171512,75360
150,-1465.1516279,-1436.3982445000001,-2595.815663,-942.171512,75840
151,-1465.1516279,-1436.3982445000001,-2595.815663,-942.171512,76320
152,-1571.3944079999999,-1475.0180544999998,-2595.815663,-942.171512,76800
153,-1571.3944079999999,-1475.0180544999998,-2595.815663,-942.171512,77280
154,-1571.3944079999999,-1475.0180544999998,-2595.815663,-942.171512,77760
155,-1571.3944079999999,-1475.0180544999998,-2595.815663,-942.171512,78240
156,-1614.7816089,-1522.4774929999999,-2595.815663,-942.171512,78720
157,-1614.7816089,-1522.4774929999999,-2595.815663,-942.171512,79200
158,-1614.7816089,-1522.4774929999999,-2595.815663,-942.171512,79680
159,-1614.7816089,-1522.4774929999999,-2595.815663,-942.171512,80160
160,-1451.9731905,-1436.3982445000001,-2458.72684,-942.171512,80640
161,-1451.9731905,-1436.3982445000001,-2458.72684,-942.171512,81120
162,-1451.9731905,-1436.3982445000001,-2458.72684,-942.171512,81600
163,-1451.9731905,-1436.3982445000001,-2458.72684,-942.171512,82080
164,-1453.3542439999999,-1443.303512,-2458.72684,-942.171512,82560
165,-1453.3542439999999,-1443.303512,-2458.72684,-942.171512,83040
166,-1453.3542439999999,-1443.303512,-2458.72684,-942.171512,83520
167,-1453.3542439999999,-1443.303512,-2458.72684,-942.171512,84000
168,-1522.039466,-1443.303512,-2458.72684,-942.171512,84480
169,-1522.039466,-1443.303512,-2458.72684,-942.171512,84960
170,-1522.039466,-1443.303512,-2458.72684,-942.171512,85440
171,-1522.039466,-1443.303512,-2458.72684,-942.171512,85920
172,-1617.5226266,-1535.9495160000001,-2458.72684,-942.171512,86400
173,-1617.5226266,-1535.9495160000001,-2458.72684,-942.171512,86880
174,-1617.5226266,-1535.9495160000001,-2458.72684,-942.171512,87360
175,-1617.5226266,-1535.9495160000001,-2458.72684,-942.171512,87840
176,-1654.278354,-1698.8593265,-2458.72684,-942.171512,88320
177,-1654.278354,-1698.8593265,-2458.72684,-942.171512,88800
178,-1654.278354,-1698.8593265,-2458.72684,-942.171512,89280
179,-1654.278354,-1698.8593265,-2458.72684,-942.171512,89760
180,-1679.1298352,-1807.7733765,-2458.72684,-942.171512,90240
181,-1679.1298352,-1807.7733765,-2458.72684,-942.171512,90720
182,-1679.1298352,-1807.7733765,-2458.72684,-942.171512,91200
183,-1679.1298352,-1807.7733765,-2458.72684,-942.171512,91680
184,-1734.6552317,-1807.7733765,-2458.72684,-942.171512,92160
185,-1734.6552317,-1807.7733765,-2458.72684,-942.171512,92640
186,-1734.6552317,-1807.7733765,-2458.72684,-942.171512,93120
187,-1734.6552317,-1807.7733765,-2458.72684,-942.171512,93600
188,-1733.4810119,-1807.7733765,-2458.72684,-930.429314,94080
189,-1733.4810119,-1807.7733765,-2458.72684,-930.429314,94560
190,-1733.4810119,-1807.7733765,-2458.72684,-930.429314,95040
191,-1733.4810119,-1807.7733765,-2458.72684,-930.429314,95520
192,-1670.1564118,-1750.9779035000001,-2286.970873,-930.429314,96000
193,-1670.1564118,-1750.9779035000001,-2286.970873,-930.429314,96480
194,-1670.1564118,-1750.9779035000001,-2286.970873,-930.429314,96960
195,-1670.1564118,-1750.9779035000001,-2286.970873,-930.429314,97440
196,-1674.2425276,-1750.9779035000001,-2286.970873,-930.429314,97920
197,-1674.2425276,-1750.9779035000001,-2286.970873,-930.429314,98400
198,-1674.2425276,-1750.9779035000001,-2286.970873,-930.429314,98880
199,-1674.2425276,-1750.9779035000001,-2286.970873,-930.429314,99360
200,-1719.645115,-1750.9779035000001,-2286.970873,-930.429314,99840
201,-1719.645115,-1750.9779035000001,-2286.970873,-930.429314,100320
202,-1719.645115,-1750.9779035000001,-2286.970873,-930.429314,100800
203,-1719.645115,-1750.9779035000001,-2286.970873,-930.429314,101280
204,-1661.2102494000003,-1750.9779035000001,-2286.970873,-874.298212,101760
205,-1661.2102494000003,-1750.9779035000001,-2286.970873,-874.298212,102240
206,-1661.2102494000003,-1750.9779035000001,-2286.970873,-874.298212,102720
207,-1661.2102494000003,-1750.9779035000001,-2286.970873,-874.298212,103200
208,-1510.4889088999998,-1626.242364,-2059.938794,-779.757468,103680
209,-1510.4889088999998,-1626.242364,-2059.938794,-779.757468,104160
210,-1510.4889088999998,-1626.242364,-2059.938794,-779.757468,104640
211,-1510.4889088999998,-1626.242364,-2059.938794,-779.757468,105120
212,-1473.7453478999998,-1626.242364,-1980.809438,-779.757468,105600
213,-1473.7453478999998,-1626.242364,-1980.809438,-779.757468,106080
214,-1473.7453478999998,-1626.242364,-1980.809438,-779.757468,106560
215,-1473.7453478999998,-1626.242364,-1980.809438,-779.757468,107040
216,-1477.8503685,-1626.242364,-2021.859644,-779.757468,107520
217,-1477.8503685,-1626.242364,-2021.859644,-779.757468,108000
218,-1477.8503685,-1626.242364,-2021.859644,-779.757468,108480
219,-1477.8503685,-1626.242364,-2021.859644,-779.757468,108960
220,-1500.361483,-1634.256472,-2021.859644,-779.757468,109440
221,-1500.361483,-1634.256472,-2021.859644,-779.757468,109920
222,-1500.361483,-1634.256472,-2021.859644,-779.757468,110400
223,-1500.361483,-1634.256472,-2021.859644,-779.757468,110880
224,-1517.7564535,-1721.2313245,-2021.859644,-779.757468,111360
225,-1517.7564535,-1721.2313245,-2021.859644,-779.757468,111840
226,-1517.7564535,-1721.2313245,-2021.859644,-779.757468,112320
227,-1517.7564535,-1721.2313245,-2021.859644,-779.757468,112800
228,-1565.420491,-1721.2313245,-2021.859644,-779.757468,113280
229,-1565.420491,-1721.2313245,-2021.859644,-779.757468,113760
230,-1565.420491,-1721.2313245,-2021.859644,-779.757468,114240
231,-1565.420491,-1721.2313245,-2021.859644,-779.757468,114720
232,-1576.3522378000002,-1721.2313245,-2021.859644,-779.757468,115200
233,-1576.3522378000002,-1721.2313245,-2021.859644,-779.757468,115680
234,-1576.3522378000002,-1721.2313245,-2021.859644,-779.757468,116160
235,-1576.3522378000002,-1721.2313245,-2021.859644,-779.757468,116640
236,-1502.4553896999998,-1557.1302685,-2021.859644,-779.757468,117120
237,-1502.4553896999998,-1557.1302685,-2021.859644,-779.757468,117600
238,-1502.4553896999998,-1557.1302685,-2021.859644,-779.757468,118080
239,-1502.4553896999998,-1557.1302685,-2021.859644,-779.757468,118560
240,-1503.6065469,-1562.8860545,-2021.859644,-779.757468,119040
241,-1503.6065469,-1562.8860545,-2021.859644,-779.757468,119520
242,-1503.6065469,-1562.8860545,-2021.859644,-779.757468,120000
243,-1503.6065469,-1562.8860545,-2021.859644,-779.757468,120480
244,-1483.8472721,-1562.8860545,-2021.859644,-676.705464,120960
245,-1483.8472721,-1562.8860545,-2021.859644,-676.705464,121440
246,-1483.8472721,-1562.8860545,-2021.859644,-676.705464,121920
247,-1483.8472721,-1562.8860545,-2021.859644,-676.705464,122400
248,-1578.3972638,-1708.8802845,-2021.859644,-676.705464,122880
249,-1578.3972638,-1708.8802845,-2021.859644,-676.705464,123360
250,-1578.3972638,-1708.8802845,-2021.859644,-676.705464,123840
251,-1578.3972638,-1708.8802845,-2021.859644,-676.705464,124320
252,-1569.6874705,-1665.331318,-2021.859644,-676.705464,124800
253,-1569.6874705,-1665.331318,-2021.859644,-676.705464,125280
254,-1569.6874705,-1665.331318,-2021.859644,-676.705464,125760
255,-1569.6874705,-1665.331318,-2021.859644,-676.705464,126240
256,-1501.8964017,-1519.337088,-1934.798307,-676.705464,126720
257,-1501.8964017,-1519.337088,-1934.798307,-676.705464,127200
258,-1501.8964017,-1519.337088,-1934.798307,-676.705464,127680
259,-1501.8964017,-1519.337088,-1934.798307,-676.705464,128160
260,-1375.1383599,-1420.1693070000001,-1934.798307,-634.005695,128640
261,-1375.1383599,-1420.1693070000001,-1934.798307,-634.005695,129120
262,-1375.1383599,-1420.1693070000001,-1934.798307,-634.005695,129600
263,-1375.1383599,-1420.1693070000001,-1934.798307,-634.005695,130080
264,-1326.4989079000002,-1375.5093225,-1934.798307,-634.005695,130560
265,-1326.4989079000002,-1375.5093225,-1934.798307,-634.005695,131040
266,-1326.4989079000002,-1375.5093225,-1934.798307,-634.005695,131520
267,-1326.4989079000002,-1375.5093225,-1934.798307,-634.005695,132000
268,-1307.3314154000002,-1303.7569505000001,-1934.798307,-634.005695,132480
269,-1307.3314154000002,-1303.7569505000001,-1934.798307,-634.005695,132960
270,-1307.3314154000002,-1303.7569505000001,-1934.798307,-634.005695,133440
271,-1307.3314154000002,-1303.7569505000001,-1934.798307,-634.005695,133920
272,-1249.5613015000001,-1303.7569505000001,-1725.257385,-634.005695,134400
273,-1249.5613015000001,-1303.7569505000001,-1725.257385,-634.005695,134880
274,-1249.5613015000001,-1303.7569505000001,-1725.257385,-634.005695,135360
275,-1249.5613015000001,-1303.7569505000001,-1725.257385,-634.005695,135840
276,-1229.1740230999999,-1303.7569505000001,-1725.257385,-634.005695,136320
277,-1229.1740230999999,-1303.7569505000001,-1725.257385,-634.005695,136800
278,-1229.1740230999999,-1303.7569505000001,-1725.257385,-634.005695,137280
279,-1229.1740230999999,-1303.7569505000001,-1725.257385,-634.005695,137760
280,-1134.8674125,-1239.4798544999999,-1725.257385,-490.202819,138240
281,-1134.8674125,-1239.4798544999999,-1725.257385,-490.202819,138720
282,-1134.8674125,-1239.4798544999999,-1725.257385,-490.202819,139200
283,-1134.8674125,-1239.4798544999999,-1725.257385,-490.202819,139680
284,-1169.9908679,-1239.4798544999999,-1725.257385,-490.202819,140160
285,-1169.9908679,-1239.4798544999999,-1725.257385,-490.202819,140640
286,-1169.9908679,-1239.4798544999999,-1725.257385,-490.202819,141120
287,-1169.9908679,-1239.4798544999999,-1725.257385,-490.202819,141600
288,-1109.8492822,-1169.6181459999998,-1605.405251,-490.202819,142080
289,-1109.8492822,-1169.6181459999998,-1605.405251,-490.202819,142560
290,-1109.8492822,-1169.6181459999998,-1605.405251,-490.202819,143040
291,-1109.8492822,-1169.6181459999998,-1605.405251,-490.202819,143520
292,-1084.455982,-1169.6181459999998,-1357.097168,-490.202819,144000
293,-1084.455982,-1169.6181459999998,-1357.097168,-490.202819,144480
294,-1084.455982,-1169.6181459999998,-1357.097168,-490.202819,144960
295,-1084.455982,-1169.6181459999998,-1357.097168,-490.202819,145440
296,-988.9146667000001,-1080.4666029999998,-1357.097168,-388.535803,145920
297,-988.9146667000001,-1080.4666029999998,-1357.097168,-388.535803,146400
298,-988.9146667000001,-1080.4666029999998,-1357.097168,-388.535803,146880
299,-988.9146667000001,-1080.4666029999998,-1357.097168,-388.535803,147360
300,-1018.3439986999999,-1080.4666029999998,-1357.097168,-388.535803,147840
301,-1018.3439986999999,-1080.4666029999998,-1357.097168,-388.535803,148320
302,-1018.3439986999999,-1080.4666029999998,-1357.097168,-388.535803,148800
303,-1018.3439986999999,-1080.4666029999998,-1357.097168,-388.535803,149280
304,-981.4079101,-1032.515848,-1357.097168,-388.535803,149760
305,-981.4079101,-1032.515848,-1357.097168,-388.535803,150240
306,-981.4079101,-1032.515848,-1357.097168,-388.535803,150720
307,-981.4079101,-1032.515848,-1357.097168,-388.535803,151200
308,-981.2918365999998,-1032.515848,-1357.097168,-388.535803,151680
309,-981.2918365999998,-1032.515848,-1357.097168,-388.535803,152160
310,-981.2918365999998,-1032.515848,-1357.097168,-388.535803,152640
311,-981.2918365999998,-1032.515848,-1357.097168,-388.535803,153120
312,-931.3888832999999,-978.1195165,-1351.472249,-388.535803,153600
313,-931.3888832999999,-978.1195165,-1351.472249,-388.535803,154080
314,-931.3888832999999,-978.1195165,-1351.472249,-388.535803,154560
315,-931.3888832999999,-978.1195165,-1351.472249,-388.535803,155040
316,-909.5659006,-911.2515370000001,-1351.472249,-388.535803,155520
317,-909.5659006,-911.2515370000001,-1351.472249,-388.535803,156000
318,-909.5659006,-911.2515370000001,-1351.472249,-388.535803,156480
319,-909.5659006,-911.2515370000001,-1351.472249,-388.535803,156960
320,-892.9858457,-911.2515370000001,-1351.472249,-324.40227,157440
321,-892.9858457,-911.2515370000001,-1351.472249,-324.40227,157920
322,-892.9858457,-911.2515370000001,-1351.472249,-324.40227,158400
323,-892.9858457,-911.2515370000001,-1351.472249,-324.40227,158880
324,-821.3199736999999,-876.135847,-1351.472249,-311.281298,159360
325,-821.3199736999999,-876.135847,-1351.472249,-311.281298,159840
326,-821.3199736999999,-876.135847,-1351.472249,-311.281298,160320
327,-821.3199736999999,-876.135847,-1351.472249,-311.281298,160800
328,-777.8725473000001,-838.464743,-1351.472249,-311.281298,161280
329,-777.8725473000001,-838.464743,-1351.472249,-311.281298,161760
330,-777.8725473000001,-838.464743,-1351.472249,-311.281298,162240
331,-777.8725473000001,-838.464743,-1351.472249,-311.281298,162720
332,-804.5436433,-838.464743,-1618.183209,-311.281298,163200
333,-804.5436433,-838.464743,-1618.183209,-311.281298,163680
334,-804.5436433,-838.464743,-1618.183209,-311.281298,164160
335,-804.5436433,-838.464743,-1618.183209,-311.281298,164640
336,-839.1156877,-838.464743,-1618.183209,-311.281298,165120
337,-839.1156877,-838.464743,-1618.183209,-311.281298,165600
338,-839.1156877,-838.464743,-1618.183209,-311.281298,166080
339,-839.1156877,-838.464743,-1618.183209,-311.281298,166560
340,-817.0478876999999,-776.559049,-1618.183209,-311.281298,167040
341,-817.0478876999999,-776.559049,-1618.183209,-311.281298,167520
342,-817.0478876999999,-776.559049,-1618.183209,-311.281298,168000
343,-817.0478876999999,-776.559049,-1618.183209,-311.281298,168480
344,-795.2520580999999,-720.938631,-1618.183209,-311.281298,168960
345,-795.2520580999999,-720.938631,-1618.183209,-311.281298,169440
346,-795.2520580999999,-720.938631,-1618.183209,-311.281298,169920
347,-795.2520580999999,-720.938631,-1618.183209,-311.281298,170400
348,-748.6045538000001,-720.938631,-1618.183209,-311.281298,170880
349,-748.6045538000001,-720.938631,-1618.183209,-311.281298,171360
350,-748.6045538000001,-720.938631,-1618.183209,-311.281298,171840
351,-748.6045538000001,-720.938631,-1618.183209,-311.281298,172320
352,-715.2382157,-698.4941395000001,-1618.183209,-311.281298,172800
353,-715.2382157,-698.4941395000001,-1618.183209,-311.281298,173280
354,-715.2382157,-698.4941395000001,-1618.183209,-311.281298,173760
355,-715.2382157,-698.4941395000001,-1618.183209,-311.281298,174240
356,-660.0328716,-682.8065134999999,-1618.183209,-266.80841,174720
357,-660.0328716,-682.8065134999999,-1618.183209,-266.80841,175200
358,-660.0328716,-682.8065134999999,-1618.183209,-266.80841,175680
359,-660.0328716,-682.8065134999999,-1618.183209,-266.80841,176160
360,-652.3442031,-682.8065134999999,-1618.183209,-247.515585,176640
361,-652.3442031,-682.8065134999999,-1618.183209,-247.515585,177120
362,-652.3442031,-682.8065134999999,-1618.183209,-247.515585,177600
363,-652.3442031,-682.8065134999999,-1618.183209,-247.515585,178080
364,-644.5052732000001,-682.8065134999999,-1618.183209,-232.891999,178560
365,-644.5052732000001,-682.8065134999999,-1618.183209,-232.891999,179040
366,-644.5052732000001,-682.8065134999999,-1618.183209,-232.891999,179520
367,-644.5052732000001,-682.8065134999999,-1618.183209,-232.891999,180000
368,-682.7076381,-691.933389,-1618.183209,-232.891999,180480
369,-682.7076381,-691.933389,-1618.183209,-232.891999,180960
370,-682.7076381,-691.933389,-1618.183209,-232.891999,181440
371,-682.7076381,-691.933389,-1618.183209,-232.891999,181920
372,-542.7303094,-600.3250085,-1071.390913,-218.409922,182400
373,-542.7303094,-600.3250085,-1071.390913,-218.409922,182880
374,-542.7303094,-600.3250085,-1071.390913,-218.409922,183360
375,-542.7303094,-600.3250085,-1071.390913,-218.409922,183840
376,-491.4404041000001,-395.606332,-1071.390913,-218.409922,184320
377,-491.4404041000001,-395.606332,-1071.390913,-218.409922,184800
378,-491.4404041000001,-395.606332,-1071.390913,-218.409922,185280
379,-491.4404041000001,-395.606332,-1071.390913,-218.409922,185760
380,-527.4041764,-395.606332,-1071.390913,-218.409922,186240
381,-527.4041764,-395.606332,-1071.390913,-218.409922,186720
382,-527.4041764,-395.606332,-1071.390913,-218.409922,187200
383,-527.4041764,-395.606332,-1071.390913,-218.409922,187680
384,-481.0582967,-257.1619975,-1071.390913,-212.786966,188160
385,-481.0582967,-257.1619975,-1071.390913,-212.786966,188640
386,-481.0582967,-257.1619975,-1071.390913,-212.786966,189120
387,-481.0582967,-257.1619975,-1071.390913,-212.786966,189600
388,-518.8487391000001,-257.1619975,-1125.66341,-212.786966,190080
389,-518.8487391000001,-257.1619975,-1125.66341,-212.786966,190560
390,-518.8487391000001,-257.1619975,-1125.66341,-212.786966,191040
391,-518.8487391000001,-257.1619975,-1125.66341,-212.786966,191520
392,-548.1679317999999,-257.1619975,-1125.66341,-212.786966,192000
393,-548.1679317999999,-257.1619975,-1125.66341,-212.786966,192480
394,-548.1679317999999,-257.1619975,-1125.66341,-212.786966,192960
395,-548.1679317999999,-257.1619975,-1125.66341,-212.786966,193440
396,-543.7334831999999,-240.203792,-1125.66341,-212.786966,193920
397,-543.7334831999999,-240.203792,-1125.66341,-212.786966,194400
398,-543.7334831999999,-240.203792,-1125.66341,-212.786966,194880
399,-543.7334831999999,-240.203792,-1125.66341,-212.786966,195360
400,-620.8387894,-525.24409,-1125.66341,-212.786966,195840
401,-620.8387894,-525.24409,-1125.66341,-212.786966,196320
402,-620.8387894,-525.24409,-1125.66341,-212.786966,196800
403,-620.8387894,-525.24409,-1125.66341,-212.786966,197280
404,-695.2108215000001,-897.1042505,-1125.66341,-212.786966,197760
405,-695.2108215000001,-897.1042505,-1125.66341,-212.786966,198240
406,-695.2108215000001,-897.1042505,-1125.66341,-212.786966,198720
407,-695.2108215000001,-897.1042505,-1125.66341,-212.786966,199200
408,-644.4759932,-690.8194055,-1125.66341,-212.786966,199680
409,-644.4759932,-690.8194055,-1125.66341,-212.786966,200160
410,-644.4759932,-690.8194055,-1125.66341,-212.786966,200640
411,-644.4759932,-690.8194055,-1125.66341,-212.786966,201120
412,-643.4369114,-690.8194055,-1125.66341,-208.019104,201600
413,-643.4369114,-690.8194055,-1125.66341,-208.019104,202080
414,-643.4369114,-690.8194055,-1125.66341,-208.019104,202560
415,-643.4369114,-690.8194055,-1125.66341,-208.019104,203040
416,-740.925621,-897.1042505,-1196.24429,-208.019104,203520
417,-740.925621,-897.1042505,-1196.24429,-208.019104,204000
418,-740.925621,-897.1042505,-1196.24429,-208.019104,204480
419,-740.925621,-897.1042505,-1196.24429,-208.019104,204960
420,-653.7942549000002,-690.8194055,-1196.24429,-195.945077,205440
421,-653.7942549000002,-690.8194055,-1196.24429,-195.945077,205920
422,-653.7942549000002,-690.8194055,-1196.24429,-195.945077,206400
423,-653.7942549000002,-690.8194055,-1196.24429,-195.945077,206880
424,-651.3462084,-690.8194055,-1196.24429,-188.306501,207360
425,-651.3462084,-690.8194055,-1196.24429,-188.306501,207840
426,-651.3462084,-690.8194055,-1196.24429,-188.306501,208320
427,-651.3462084,-690.8194055,-1196.24429,-188.306501,208800
428,-594.4748822,-560.496389,-1196.24429,-188.306501,209280
429,-594.4748822,-560.496389,-1196.24429,-188.306501,209760
430,-594.4748822,-560.496389,-1196.24429,-188.306501,210240
431,-594.4748822,-560.496389,-1196.24429,-188.306501,210720
432,-563.5244466,-532.5209864999999,-1196.24429,-188.306501,211200
433,-563.5244466,-532.5209864999999,-1196.24429,-188.306501,211680
434,-563.5244466,-532.5209864999999,-1196.24429,-188.306501,212160
435,-563.5244466,-532.5209864999999,-1196.24429,-188.306501,212640
436,-598.2641451000001,-560.496389,-1196.24429,-188.306501,213120
437,-598.2641451000001,-560.496389,-1196.24429,-188.306501,213600
438,-598.2641451000001,-560.496389,-1196.24429,-188.306501,214080
439,-598.2641451000001,-560.496389,-1196.24429,-188.306501,214560
440,-601.0982893,-560.496389,-1196.24429,-188.306501,215040
441,-601.0982893,-560.496389,-1196.24429,-188.306501,215520
442,-601.0982893,-560.496389,-1196.24429,-188.306501,216000
443,-601.0982893,-560.496389,-1196.24429,-188.306501,216480
444,-523.9033329,-532.5209864999999,-1196.24429,-188.306501,216960
445,-523.9033329,-532.5209864999999,-1196.24429,-188.306501,217440
446,-523.9033329,-532.5209864999999,-1196.24429,-188.306501,217920
447,-523.9033329,-532.5209864999999,-1196.24429,-188.306501,218400
448,-514.201773,-487.559428,-1196.24429,-188.306501,218880
449,-514.201773,-487.559428,-1196.24429,-188.306501,219360
450,-514.201773,-487.559428,-1196.24429,-188.306501,219840
451,-514.201773,-487.559428,-1196.24429,-188.306501,220320
452,-596.7594938,-532.5209864999999,-1196.24429,-188.306501,220800
453,-596.7594938,-532.5209864999999,-1196.24429,-188.306501,221280
454,-596.7594938,-532.5209864999999,-1196.24429,-188.306501,221760
455,-596.7594938,-532.5209864999999,-1196.24429,-188.306501,222240
456,-522.6481532,-487.559428,-1046.910089,-188.306501,222720
457,-522.6481532,-487.559428,-1046.910089,-188.306501,223200
458,-522.6481532,-487.559428,-1046.910089,-188.306501,223680
459,-522.6481532,-487.559428,-1046.910089,-188.306501,224160
460,-591.7510775,-532.5209864999999,-1046.910089,-188.306501,224640
461,-591.7510775,-532.5209864999999,-1046.910089,-188.306501,225120
462,-591.7510775,-532.5209864999999,-1046.910089,-188.306501,225600
463,-591.7510775,-532.5209864999999,-1046.910089,-188.306501,226080
464,-596.8822159,-532.5209864999999,-1046.910089,-204.662756,226560
465,-596.8822159,-532.5209864999999,-1046.910089,-204.662756,227040
466,-596.8822159,-532.5209864999999,-1046.910089,-204.662756,227520
467,-596.8822159,-532.5209864999999,-1046.910089,-204.662756,228000
468,-586.5939804,-487.559428,-1046.910089,-204.662756,228480
469,-586.5939804,-487.559428,-1046.910089,-204.662756,228960
470,-586.5939804,-487.559428,-1046.910089,-204.662756,229440
471,-586.5939804,-487.559428,-1046.910089,-204.662756,229920
472,-582.4220761,-466.6999065,-1046.910089,-204.662756,230400
473,-582.4220761,-466.6999065,-1046.910089,-204.662756,230880
474,-582.4220761,-466.6999065,-1046.910089,-204.662756,231360
475,-582.4220761,-466.6999065,-1046.910089,-204.662756,231840
476,-566.8246173,-460.751833,-1046.910089,-204.662756,232320
477,-566.8246173,-460.751833,-1046.910089,-204.662756,232800
478,-566.8246173,-460.751833,-1046.910089,-204.662756,233280
479,-566.8246173,-460.751833,-1046.910089,-204.662756,233760
480,-486.6665641000001,-454.5993385,-1033.596312,-204.662756,234240
481,-486.6665641000001,-454.5993385,-1033.596312,-204.662756,234720
482,-486.6665641000001,-454.5993385,-1033.596312,-204.662756,235200
483,-486.6665641000001,-454.5993385,-1033.596312,-204.662756,235680
484,-489.8977732,-454.5993385,-1033.596312,-236.974847,236160
485,-489.8977732,-454.5993385,-1033.596312,-236.974847,236640
486,-489.8977732,-454.5993385,-1033.596312,-236.974847,237120
487,-489.8977732,-454.5993385,-1033.596312,-236.974847,237600
488,-465.5891942,-433.977057,-1033.596312,-223.941241,238080
489,-465.5891942,-433.977057,-1033.596312,-223.941241,238560
490,-465.5891942,-433.977057,-1033.596312,-223.941241,239040
491,-465.5891942,-433.977057,-1033.596312,-223.941241,239520
492,-384.24026910000003,-329.607939,-886.97432,-220.107061,240000
493,-384.24026910000003,-329.607939,-886.97432,-220.107061,240480
494,-384.24026910000003,-329.607939,-886.97432,-220.107061,240960
495,-384.24026910000003,-329.607939,-886.97432,-220.107061,241440
496,-359.7091133,-242.473721,-886.97432,-209.819326,241920
497,-359.7091133,-242.473721,-886.97432,-209.819326,242400
498,-359.7091133,-242.473721,-886.97432,-209.819326,242880
499,-359.7091133,-242.473721,-886.97432,-209.819326,243360
500,-327.76668329999995,-242.473721,-567.55002,-209.819326,243840
501,-327.76668329999995,-242.473721,-567.55002,-209.819326,244320
502,-327.76668329999995,-242.473721,-567.55002,-209.819326,244800
503,-327.76668329999995,-242.473721,-567.55002,-209.819326,245280
504,-327.1745856,-241.152202,-567.55002,-209.819326,245760
505,-327.1745856,-241.152202,-567.55002,-209.819326,246240
506,-327.1745856,-241.152202,-567.55002,-209.819326,246720
507,-327.1745856,-241.152202,-567.55002,-209.819326,247200
508,-374.98375059999995,-241.152202,-932.159443,-209.819326,247680
509,-374.98375059999995,-241.152202,-932.159443,-209.819326,248160
510,-374.98375059999995,-241.152202,-932.159443,-209.819326,248640
511,-374.98375059999995,-241.152202,-932.159443,-209.819326,249120
512,-373.9755548,-241.152202,-932.159443,-209.819326,249600
513,-373.9755548,-241.152202,-932.159443,-209.819326,250080
514,-373.9755548,-241.152202,-932.159443,-209.819326,250560
515,-373.9755548,-241.152202,-932.159443,-209.819326,251040
516,-423.62275579999994,-241.152202,-932.159443,-209.819326,251520
517,-423.62275579999994,-241.152202,-932.159443,-209.819326,252000
518,-423.62275579999994,-241.152202,-932.159443,-209.819326,252480
519,-423.62275579999994,-241.152202,-932.159443,-209.819326,252960
520,-442.1293358,-333.68510200000003,-932.159443,-209.819326,253440
521,-442.1293358,-333.68510200000003,-932.159443,-209.819326,253920
522,-442.1293358,-333.68510200000003,-932.159443,-209.819326,254400
523,-442.1293358,-333.68510200000003,-932.159443,-209.819326,254880
524,-460.3251418000001,-424.664132,-932.159443,-209.819326,255360
525,-460.3251418000001,-424.664132,-932.159443,-209.819326,255840
526,-460.3251418000001,-424.664132,-932.159443,-209.819326,256320
527,-460.3251418000001,-424.664132,-932.159443,-209.819326,256800
528,-466.4227091000001,-424.664132,-932.159443,-209.819326,257280
529,-466.4227091000001,-424.664132,-932.159443,-209.819326,257760
530,-466.4227091000001,-424.664132,-932.159443,-209.819326,258240
531,-466.4227091000001,-424.664132,-932.159443,-209.819326,258720
532,-544.3770509,-443.3430905,-999.650479,-209.819326,259200
533,-544.3770509,-443.3430905,-999.650479,-209.819326,259680
534,-544.3770509,-443.3430905,-999.650479,-209.819326,260160
535,-544.3770509,-443.3430905,-999.650479,-209.819326,260640
536,-570.584493,-464.0922855,-999.650479,-233.696908,261120
537,-570.584493,-464.0922855,-999.650479,-233.696908,261600
538,-570.584493,-464.0922855,-999.650479,-233.696908,262080
539,-570.584493,-464.0922855,-999.650479,-233.696908,262560
540,-561.2050973,-464.0922855,-999.650479,-233.696908,263040
541,-561.2050973,-464.0922855,-999.650479,-233.696908,263520
542,-561.2050973,-464.0922855,-999.650479,-233.696908,264000
543,-561.2050973,-464.0922855,-999.650479,-233.696908,264480
544,-566.2127886999999,-464.0922855,-999.650479,-283.773822,264960
545,-566.2127886999999,-464.0922855,-999.650479,-283.773822,265440
546,-566.2127886999999,-464.0922855,-999.650479,-283.773822,265920
547,-566.2127886999999,-464.0922855,-999.650479,-283.773822,266400
548,-500.8318883,-443.3430905,-999.650479,-278.350439,266880
549,-500.8318883,-443.3430905,-999.650479,-278.350439,267360
550,-500.8318883,-443.3430905,-999.650479,-278.350439,267840
551,-500.8318883,-443.3430905,-999.650479,-278.350439,268320
552,-482.4702625,-424.664132,-999.650479,-272.674566,268800
553,-482.4702625,-424.664132,-999.650479,-272.674566,269280
554,-482.4702625,-424.664132,-999.650479,-272.674566,269760
555,-482.4702625,-424.664132,-999.650479,-272.674566,270240
556,-487.7830328,-424.664132,-999.650479,-272.674566,270720
557,-487.7830328,-424.664132,-999.650479,-272.674566,271200
558,-487.7830328,-424.664132,-999.650479,-272.674566,271680
559,-487.7830328,-424.664132,-999.650479,-272.674566,272160
560,-493.8806264,-445.413327,-999.650479,-272.674566,272640
561,-493.8806264,-445.413327,-999.650479,-272.674566,273120
562,-493.8806264,-445.413327,-999.650479,-272.674566,273600
563,-493.8806264,-445.413327,-999.650479,-272.674566,274080
564,-500.66927960000004,-472.824905,-999.650479,-272.674566,274560
565,-500.66927960000004,-472.824905,-999.650479,-272.674566,275040
566,-500.66927960000004,-472.824905,-999.650479,-272.674566,275520
567,-500.66927960000004,-472.824905,-999.650479,-272.674566,276000
568,-564.6057516,-480.28775099999996,-999.650479,-272.674566,276480
569,-564.6057516,-480.28775099999996,-999.650479,-272.674566,276960
570,-564.6057516,-480.28775099999996,-999.650479,-272.674566,277440
571,-564.6057516,-480.28775099999996,-999.650479,-272.674566,277920
572,-561.0058811,-480.28775099999996,-963.651774,-272.674566,278400
573,-561.0058811,-480.28775099999996,-963.651774,-272.674566,278880
574,-561.0058811,-480.28775099999996,-963.651774,-272.674566,279360
575,-561.0058811,-480.28775099999996,-963.651774,-272.674566,279840
576,-559.9939109,-480.28775099999996,-963.651774,-272.674566,280320
577,-559.9939109,-480.28775099999996,-963.651774,-272.674566,280800
578,-559.9939109,-480.28775099999996,-963.651774,-272.674566,281280
579,-559.9939109,-480.28775099999996,-963.651774,-272.674566,281760
580,-559.1030337,-475.83336499999996,-963.651774,-272.674566,282240
581,-559.1030337,-475.83336499999996,-963.651774,-272.674566,282720
582,-559.1030337,-475.83336499999996,-963.651774,-272.674566,283200
583,-559.1030337,-475.83336499999996,-963.651774,-272.674566,283680
584,-559.810218,-475.83336499999996,-963.651774,-272.674566,284160
585,-559.810218,-475.83336499999996,-963.651774,-272.674566,284640
586,-559.810218,-475.83336499999996,-963.651774,-272.674566,285120
587,-559.810218,-475.83336499999996,-963.651774,-272.674566,285600
588,-578.4284641,-475.83336499999996,-963.651774,-272.674566,286080
589,-578.4284641,-475.83336499999996,-963.651774,-272.674566,286560
590,-578.4284641,-475.83336499999996,-963.651774,-272.674566,287040
591,-578.4284641,-475.83336499999996,-963.651774,-272.674566,287520
592,-640.9012421,-489.095366,-963.651774,-290.845665,288000
593,-640.9012421,-489.095366,-963.651774,-290.845665,288480
594,-640.9012421,-489.095366,-963.651774,-290.845665,288960
595,-640.9012421,-489.095366,-963.651774,-290.845665,289440
596,-591.7603073,-479.4480625,-963.651774,-290.845665,289920
597,-591.7603073,-479.4480625,-963.651774,-290.845665,290400
598,-591.7603073,-479.4480625,-963.651774,-290.845665,290880
599,-591.7603073,-479.4480625,-963.651774,-290.845665,291360
600,-630.4059271,-479.4480625,-963.651774,-290.845665,291840
601,-630.4059271,-479.4480625,-963.651774,-290.845665,292320
602,-630.4059271,-479.4480625,-963.651774,-290.845665,292800
603,-630.4059271,-479.4480625,-963.651774,-290.845665,293280
604,-610.2128102,-468.46198849999996,-963.651774,-284.88827,293760
605,-610.2128102,-468.46198849999996,-963.651774,-284.88827,294240
606,-610.2128102,-468.46198849999996,-963.651774,-284.88827,294720
607,-610.2128102,-468.46198849999996,-963.651774,-284.88827,295200
608,-616.1604636000001,-468.46198849999996,-983.758168,-284.88827,295680
609,-616.1604636000001,-468.46198849999996,-983.758168,-284.88827,296160
610,-616.1604636000001,-468.46198849999996,-983.758168,-284.88827,296640
611,-616.1604636000001,-468.46198849999996,-983.758168,-284.88827,297120
612,-548.5726025,-464.6900955,-983.758168,-284.88827,297600
613,-548.5726025,-464.6900955,-983.758168,-284.88827,298080
614,-548.5726025,-464.6900955,-983.758168,-284.88827,298560
615,-548.5726025,-464.6900955,-983.758168,-284.88827,299040
616,-530.7982751,-464.6900955,-983.758168,-284.030771,299520
617,-530.7982751,-464.6900955,-983.758168,-284.030771,300000
618,-530.7982751,-464.6900955,-983.758168,-284.030771,300480
619,-530.7982751,-464.6900955,-983.758168,-284.030771,300960
620,-512.2167562,-377.6892825,-983.758168,-279.032102,301440
621,-512.2167562,-377.6892825,-983.758168,-279.032102,301920
622,-512.2167562,-377.6892825,-983.758168,-279.032102,302400
623,-512.2167562,-377.6892825,-983.758168,-279.032102,302880
624,-581.4202511999999,-468.304793,-983.758168,-279.032102,303360
625,-581.4202511999999,-468.304793,-983.758168,-279.032102,303840
626,-581.4202511999999,-468.304793,-983.758168,-279.032102,304320
627,-581.4202511999999,-468.304793,-983.758168,-279.032102,304800
628,-562.7496763,-379.9249245,-983.758168,-277.827151,305280
629,-562.7496763,-379.9249245,-983.758168,-277.827151,305760
630,-562.7496763,-379.9249245,-983.758168,-277.827151,306240
631,-562.7496763,-379.9249245,-983.758168,-277.827151,306720
632,-564.2894592000001,-379.9249245,-983.758168,-277.827151,307200
633,-564.2894592000001,-379.9249245,-983.758168,-277.827151,307680
634,-564.2894592000001,-379.9249245,-983.758168,-277.827151,308160
635,-564.2894592000001,-379.9249245,-983.758168,-277.827151,308640
636,-565.4277143,-385.6162,-983.758168,-277.827151,309120
637,-565.4277143,-385.6162,-983.758168,-277.827151,309600
638,-565.4277143,-385.6162,-983.758168,-277.827151,310080
639,-565.4277143,-385.6162,-983.758168,-277.827151,310560
640,-507.9774583,-295.549047,-983.758168,-277.827151,311040
641,-507.9774583,-295.549047,-983.758168,-277.827151,311520
642,-507.9774583,-295.549047,-983.758168,-277.827151,312000
643,-507.9774583,-295.549047,-983.758168,-277.827151,312480
644,-509.2181582,-300.31010000000003,-983.758168,-277.827151,312960
645,-509.2181582,-300.31010000000003,-983.758168,-277.827151,313440
646,-509.2181582,-300.31010000000003,-983.758168,-277.827151,313920
647,-509.2181582,-300.31010000000003,-983.758168,-277.827151,314400
648,-439.89174059999993,-293.8946305,-982.880615,-277.827151,314880
649,-439.89174059999993,-293.8946305,-982.880615,-277.827151,315360
650,-439.89174059999993,-293.8946305,-982.880615,-277.827151,315840
651,-439.89174059999993,-293.8946305,-982.880615,-277.827151,316320
652,-463.5268704,-300.31010000000003,-982.880615,-277.827151,316800
653,-463.5268704,-300.31010000000003,-982.880615,-277.827151,317280
654,-463.5268704,-300.31010000000003,-982.880615,-277.827151,317760
655,-463.5268704,-300.31010000000003,-982.880615,-277.827151,318240
656,-532.5945283,-393.39208399999995,-982.880615,-277.827151,318720
657,-532.5945283,-393.39208399999995,-982.880615,-277.827151,319200
658,-532.5945283,-393.39208399999995,-982.880615,-277.827151,319680
659,-532.5945283,-393.39208399999995,-982.880615,-277.827151,320160
660,-536.6697907,-401.62198149999995,-982.880615,-277.827151,320640
661,-536.6697907,-401.62198149999995,-982.880615,-277.827151,321120
662,-536.6697907,-401.62198149999995,-982.880615,-277.827151,321600
663,-536.6697907,-401.62198149999995,-982.880615,-277.827151,322080
664,-532.4435652,-401.62198149999995,-974.70735,-277.827151,322560
665,-532.4435652,-401.62198149999995,-974.70735,-277.827151,323040
666,-532.4435652,-401.62198149999995,-974.70735,-277.827151,323520
667,-532.4435652,-401.62198149999995,-974.70735,-277.827151,324000
668,-594.8230171000001,-503.79184899999996,-974.70735,-290.493992,324480
669,-594.8230171000001,-503.79184899999996,-974.70735,-290.493992,324960
670,-594.8230171000001,-503.79184899999996,-974.70735,-290.493992,325440
671,-594.8230171000001,-503.79184899999996,-974.70735,-290.493992,325920
672,-555.1064907000001,-499.54707399999995,-974.70735,-290.493992,326400
673,-555.1064907000001,-499.54707399999995,-974.70735,-290.493992,326880
674,-555.1064907000001,-499.54707399999995,-974.70735,-290.493992,327360
675,-555.1064907000001,-499.54707399999995,-974.70735,-290.493992,327840
676,-540.0346523999999,-424.1878825,-974.70735,-290.493992,328320
677,-540.0346523999999,-424.1878825,-974.70735,-290.493992,328800
678,-540.0346523999999,-424.1878825,-974.70735,-290.493992,329280
679,-540.0346523999999,-424.1878825,-974.70735,-290.493992,329760
680,-542.6637876,-424.1878825,-974.70735,-290.493992,330240
681,-542.6637876,-424.1878825,-974.70735,-290.493992,330720
682,-542.6637876,-424.1878825,-974.70735,-290.493992,331200
683,-542.6637876,-424.1878825,-974.70735,-290.493992,331680
684,-607.3106614,-519.879686,-974.70735,-290.493992,332160
685,-607.3106614,-519.879686,-974.70735,-290.493992,332640
686,-607.3106614,-519.879686,-974.70735,-290.493992,333120
687,-607.3106614,-519.879686,-974.70735,-290.493992,333600
688,-680.1023421000001,-712.8730654999999,-1018.410799,-319.784726,334080
689,-680.1023421000001,-712.8730654999999,-1018.410799,-319.784726,334560
690,-680.1023421000001,-712.8730654999999,-1018.410799,-319.784726,335040
691,-680.1023421000001,-712.8730654999999,-1018.410799,-319.784726,335520
692,-658.7823633,-708.6282905,-1018.410799,-310.924673,336000
693,-658.7823633,-708.6282905,-1018.410799,-310.924673,336480
694,-658.7823633,-708.6282905,-1018.410799,-310.924673,336960
695,-658.7823633,-708.6282905,-1018.410799,-310.924673,337440
696,-613.4928422999999,-518.7235255,-1018.410799,-310.924673,337920
697,-613.4928422999999,-518.7235255,-1018.410799,-310.924673,338400
698,-613.4928422999999,-518.7235255,-1018.410799,-310.924673,338880
699,-613.4928422999999,-518.7235255,-1018.410799,-310.924673,339360
700,-614.2922799999999,-518.7235255,-1018.410799,-310.924673,339840
701,-614.2922799999999,-518.7235255,-1018.410799,-310.924673,340320
702,-614.2922799999999,-518.7235255,-1018.410799,-310.924673,340800
703,-614.2922799999999,-518.7235255,-1018.410799,-310.924673,341280
704,-574.1136051,-518.7235255,-1018.410799,-310.924673,341760
705,-574.1136051,-518.7235255,-1018.410799,-310.924673,342240
706,-574.1136051,-518.7235255,-1018.410799,-310.924673,342720
707,-574.1136051,-518.7235255,-1018.410799,-310.924673,343200
708,-517.831972,-427.220125,-1018.410799,-310.924673,343680
709,-517.831972,-427.220125,-1018.410799,-310.924673,344160
710,-517.831972,-427.220125,-1018.410799,-310.924673,344640
711,-517.831972,-427.220125,-1018.410799,-310.924673,345120
712,-562.4819606,-430.3087395,-1018.410799,-310.924673,345600
713,-562.4819606,-430.3087395,-1018.410799,-310.924673,346080
714,-562.4819606,-430.3087395,-1018.410799,-310.924673,346560
715,-562.4819606,-430.3087395,-1018.410799,-310.924673,347040
716,-562.1701347999999,-430.3087395,-1018.410799,-310.924673,347520
717,-562.1701347999999,-430.3087395,-1018.410799,-310.924673,348000
718,-562.1701347999999,-430.3087395,-1018.410799,-310.924673,348480
719,-562.1701347999999,-430.3087395,-1018.410799,-310.924673,348960
720,-559.6657054,-430.3087395,-1018.410799,-304.571989,349440
721,-559.6657054,-430.3087395,-1018.410799,-304.571989,349920
722,-559.6657054,-430.3087395,-1018.410799,-304.571989,350400
723,-559.6657054,-430.3087395,-1018.410799,-304.571989,350880
724,-563.0422953,-430.3087395,-1018.410799,-304.571989,351360
725,-563.0422953,-430.3087395,-1018.410799,-304.571989,351840
726,-563.0422953,-430.3087395,-1018.410799,-304.571989,352320
727,-563.0422953,-430.3087395,-1018.410799,-304.571989,352800
728,-554.9539851,-430.3087395,-977.529906,-304.571989,353280
729,-554.9539851,-430.3087395,-977.529906,-304.571989,353760
730,-554.9539851,-430.3087395,-977.529906,-304.571989,354240
731,-554.9539851,-430.3087395,-977.529906,-304.571989,354720
732,-555.1126153,-430.3087395,-977.529906,-304.571989,355200
733,-555.1126153,-430.3087395,-977.529906,-304.571989,355680
734,-555.1126153,-430.3087395,-977.529906,-304.571989,356160
735,-555.1126153,-430.3087395,-977.529906,-304.571989,356640
736,-592.9578139,-438.818475,-977.529906,-304.571989,357120
737,-592.9578139,-438.818475,-977.529906,-304.571989,357600
738,-592.9578139,-438.818475,-977.529906,-304.571989,358080
739,-592.9578139,-438.818475,-977.529906,-304.571989,358560
740,-615.7556715000001,-547.294645,-977.529906,-304.571989,359040
741,-615.7556715000001,-547.294645,-977.529906,-304.571989,359520
742,-615.7556715000001,-547.294645,-977.529906,-304.571989,360000
743,-615.7556715000001,-547.294645,-977.529906,-304.571989,360480
744,-617.0731375,-553.881975,-977.529906,-304.571989,360960
745,-617.0731375,-553.881975,-977.529906,-304.571989,361440
746,-617.0731375,-553.881975,-977.529906,-304.571989,361920
747,-617.0731375,-553.881975,-977.529906,-304.571989,362400
748,-636.1352743,-553.881975,-977.529906,-304.571989,362880
749,-636.1352743,-553.881975,-977.529906,-304.571989,363360
750,-636.1352743,-553.881975,-977.529906,-304.571989,363840
751,-636.1352743,-553.881975,-977.529906,-304.571989,364320
752,-577.3173261,-540.7164889999999,-977.529906,-304.571989,364800
753,-577.3173261,-540.7164889999999,-977.529906,-304.571989,365280
754,-577.3173261,-540.7164889999999,-977.529906,-304.571989,365760
755,-577.3173261,-540.7164889999999,-977.529906,-304.571989,366240
756,-581.5321339,-540.7164889999999,-977.529906,-304.571989,366720
757,-581.5321339,-540.7164889999999,-977.529906,-304.571989,367200
758,-581.5321339,-540.7164889999999,-977.529906,-304.571989,367680
759,-581.5321339,-540.7164889999999,-977.529906,-304.571989,368160
760,-638.0819957,-553.881975,-977.529906,-312.510975,368640
761,-638.0819957,-553.881975,-977.529906,-312.510975,369120
762,-638.0819957,-553.881975,-977.529906,-312.510975,369600
763,-638.0819957,-553.881975,-977.529906,-312.510975,370080
764,-576.1097683,-540.7164889999999,-937.527697,-312.510975,370560
765,-576.1097683,-540.7164889999999,-937.527697,-312.510975,371040
766,-576.1097683,-540.7164889999999,-937.527697,-312.510975,371520
767,-576.1097683,-540.7164889999999,-937.527697,-312.510975,372000
768,-581.0595391999999,-540.7164889999999,-987.025406,-312.510975,372480
769,-581.0595391999999,-540.7164889999999,-987.025406,-312.510975,372960
770,-581.0595391999999,-540.7164889999999,-987.025406,-312.510975,373440
771,-581.0595391999999,-540.7164889999999,-987.025406,-312.510975,373920
772,-608.365716,-553.881975,-987.025406,-357.807632,374400
773,-608.365716,-553.881975,-987.025406,-357.807632,374880
774,-608.365716,-553.881975,-987.025406,-357.807632,375360
775,-608.365716,-553.881975,-987.025406,-357.807632,375840
776,-618.9664117,-553.881975,-1006.271083,-357.807632,376320
777,-618.9664117,-553.881975,-1006.271083,-357.807632,376800
778,-618.9664117,-553.881975,-1006.271083,-357.807632,377280
779,-618.9664117,-553.881975,-1006.271083,-357.807632,377760
780,-619.3687714,-555.8937735,-1006.271083,-357.807632,378240
781,-619.3687714,-555.8937735,-1006.271083,-357.807632,378720
782,-619.3687714,-555.8937735,-1006.271083,-357.807632,379200
783,-619.3687714,-555.8937735,-1006.271083,-357.807632,379680
784,-652.8463849,-572.6770094999999,-1006.271083,-357.807632,380160
785,-652.8463849,-572.6770094999999,-1006.271083,-357.807632,380640
786,-652.8463849,-572.6770094999999,-1006.271083,-357.807632,381120
787,-652.8463849,-572.6770094999999,-1006.271083,-357.807632,381600
788,-690.0096436,-727.8216749999999,-1006.271083,-357.807632,382080
789,-690.0096436,-727.8216749999999,-1006.271083,-357.807632,382560
790,-690.0096436,-727.8216749999999,-1006.271083,-357.807632,383040
791,-690.0096436,-727.8216749999999,-1006.271083,-357.807632,383520
792,-689.9473552,-727.8216749999999,-1006.271083,-357.807632,384000
793,-689.9473552,-727.8216749999999,-1006.271083,-357.807632,384480
794,-689.9473552,-727.8216749999999,-1006.271083,-357.807632,384960
795,-689.9473552,-727.8216749999999,-1006.271083,-357.807632,385440
796,-706.7429205999999,-727.8216749999999,-1006.271083,-357.807632,385920
797,-706.7429205999999,-727.8216749999999,-1006.271083,-357.807632,386400
798,-706.7429205999999,-727.8216749999999,-1006.271083,-357.807632,386880
799,-706.7429205999999,-727.8216749999999,-1006.271083,-357.807632,387360
800,-708.8097222,-736.1775745,-1006.271083,-357.807632,387840
801,-708.8097222,-736.1775745,-1006.271083,-357.807632,388320
802,-708.8097222,-736.1775745,-1006.271083,-357.807632,388800
803,-708.8097222,-736.1775745,-1006.271083,-357.807632,389280
804,-752.7207063,-841.8499395,-1006.271083,-373.332431,389760
805,-752.7207063,-841.8499395,-1006.271083,-373.332431,390240
806,-752.7207063,-841.8499395,-1006.271083,-373.332431,390720
807,-752.7207063,-841.8499395,-1006.271083,-373.332431,391200
808,-707.8647563999999,-691.245108,-1006.271083,-373.332431,391680
809,-707.8647563999999,-691.245108,-1006.271083,-373.332431,392160
810,-707.8647563999999,-691.245108,-1006.271083,-373.332431,392640
811,-707.8647563999999,-691.245108,-1006.271083,-373.332431,393120
812,-686.3778092,-678.3493745000001,-1006.271083,-370.703271,393600
813,-686.3778092,-678.3493745000001,-1006.271083,-370.703271,394080
814,-686.3778092,-678.3493745000001,-1006.271083,-370.703271,394560
815,-686.3778092,-678.3493745000001,-1006.271083,-370.703271,395040
816,-622.3937272000001,-549.753802,-901.059294,-366.430263,395520
817,-622.3937272000001,-549.753802,-901.059294,-366.430263,396000
818,-622.3937272000001,-549.753802,-901.059294,-366.430263,396480
819,-622.3937272000001,-549.753802,-901.059294,-366.430263,396960
820,-620.3537474999999,-539.5539034999999,-901.059294,-366.430263,397440
821,-620.3537474999999,-539.5539034999999,-901.059294,-366.430263,397920
822,-620.3537474999999,-539.5539034999999,-901.059294,-366.430263,398400
823,-620.3537474999999,-539.5539034999999,-901.059294,-366.430263,398880
824,-586.2781534999999,-539.5539034999999,-901.059294,-366.430263,399360
825,-586.2781534999999,-539.5539034999999,-901.059294,-366.430263,399840
826,-586.2781534999999,-539.5539034999999,-901.059294,-366.430263,400320
827,-586.2781534999999,-539.5539034999999,-901.059294,-366.430263,400800
828,-532.5854349,-538.923693,-890.738623,-364.132108,401280
829,-532.5854349,-538.923693,-890.738623,-364.132108,401760
830,-532.5854349,-538.923693,-890.738623,-364.132108,402240
831,-532.5854349,-538.923693,-890.738623,-364.132108,402720
832,-531.5076885000001,-538.923693,-890.738623,-362.554967,403200
833,-531.5076885000001,-538.923693,-890.738623,-362.554967,403680
834,-531.5076885000001,-538.923693,-890.738623,-362.554967,404160
835,-531.5076885000001,-538.923693,-890.738623,-362.554967,404640
836,-532.203409,-538.923693,-890.738623,-362.554967,405120
837,-532.203409,-538.923693,-890.738623,-362.554967,405600
838,-532.203409,-538.923693,-890.738623,-362.554967,406080
839,-532.203409,-538.923693,-890.738623,-362.554967,406560
840,-478.3082198999999,-454.584589,-796.917473,-351.786732,407040
841,-478.3082198999999,-454.584589,-796.917473,-351.786732,407520
842,-478.3082198999999,-454.584589,-796.917473,-351.786732,408000
843,-478.3082198999999,-454.584589,-796.917473,-351.786732,408480
844,-494.8304902,-454.584589,-962.140176,-351.786732,408960
845,-494.8304902,-454.584589,-962.140176,-351.786732,409440
846,-494.8304902,-454.584589,-962.140176,-351.786732,409920
847,-494.8304902,-454.584589,-962.140176,-351.786732,410400
848,-532.7062187,-455.042375,-962.140176,-351.786732,410880
849,-532.7062187,-455.042375,-962.140176,-351.786732,411360
850,-532.7062187,-455.042375,-962.140176,-351.786732,411840
851,-532.7062187,-455.042375,-962.140176,-351.786732,412320
852,-551.8385855,-542.7039725,-962.140176,-351.786732,412800
853,-551.8385855,-542.7039725,-962.140176,-351.786732,413280
854,-551.8385855,-542.7039725,-962.140176,-351.786732,413760
855,-551.8385855,-542.7039725,-962.140176,-351.786732,414240
856,-609.5897489,-546.3549995000001,-962.140176,-351.786732,414720
857,-609.5897489,-546.3549995000001,-962.140176,-351.786732,415200
858,-609.5897489,-546.3549995000001,-962.140176,-351.786732,415680
859,-609.5897489,-546.3549995000001,-962.140176,-351.786732,416160
860,-610.2591722,-546.3796225,-962.140176,-351.786732,416640
861,-610.2591722,-546.3796225,-962.140176,-351.786732,417120
862,-610.2591722,-546.3796225,-962.140176,-351.786732,417600
863,-610.2591722,-546.3796225,-962.140176,-351.786732,418080
864,-643.0749554,-554.355236,-962.140176,-351.786732,418560
865,-643.0749554,-554.355236,-962.140176,-351.786732,419040
866,-643.0749554,-554.355236,-962.140176,-351.786732,419520
867,-643.0749554,-554.355236,-962.140176,-351.786732,420000
868,-643.2002173,-554.355236,-962.140176,-351.786732,420480
869,-643.2002173,-554.355236,-962.140176,-351.786732,420960
870,-643.2002173,-554.355236,-962.140176,-351.786732,421440
871,-643.2002173,-554.355236,-962.140176,-351.786732,421920
872,-643.6205302999999,-554.355236,-962.140176,-351.786732,422400
873,-643.6205302999999,-554.355236,-962.140176,-351.786732,422880
874,-643.6205302999999,-554.355236,-962.140176,-351.786732,423360
875,-643.6205302999999,-554.355236,-962.140176,-351.786732,423840
876,-647.0449601,-571.4773849999999,-962.140176,-351.786732,424320
877,-647.0449601,-571.4773849999999,-962.140176,-351.786732,424800
878,-647.0449601,-571.4773849999999,-962.140176,-351.786732,425280
879,-647.0449601,-571.4773849999999,-962.140176,-351.786732,425760
880,-647.9932652,-571.4773849999999,-962.140176,-361.269783,426240
881,-647.9932652,-571.4773849999999,-962.140176,-361.269783,426720
882,-647.9932652,-571.4773849999999,-962.140176,-361.269783,427200
883,-647.9932652,-571.4773849999999,-962.140176,-361.269783,427680
884,-587.9541696,-554.0513255,-943.941897,-361.269783,428160
885,-587.9541696,-554.0513255,-943.941897,-361.269783,428640
886,-587.9541696,-554.0513255,-943.941897,-361.269783,429120
887,-587.9541696,-554.0513255,-943.941897,-361.269783,429600
888,-551.9764336999999,-551.7607725,-943.941897,-361.269783,430080
889,-551.9764336999999,-551.7607725,-943.941897,-361.269783,430560
890,-551.9764336999999,-551.7607725,-943.941897,-361.269783,431040
891,-551.9764336999999,-551.7607725,-943.941897,-361.269783,431520
892,-548.4026018000001,-536.182166,-943.941897,-361.269783,432000
893,-548.4026018000001,-536.182166,-943.941897,-361.269783,432480
894,-548.4026018000001,-536.182166,-943.941897,-361.269783,432960
895,-548.4026018000001,-536.182166,-943.941897,-361.269783,433440
896,-543.6644182,-536.182166,-896.560061,-361.269783,433920
897,-543.6644182,-536.182166,-896.560061,-361.269783,434400
898,-543.6644182,-536.182166,-896.560061,-361.269783,434880
899,-543.6644182,-536.182166,-896.560061,-361.269783,435360
900,-524.6452764000001,-446.52335850000003,-896.560061,-355.884294,435840
901,-524.6452764000001,-446.52335850000003,-896.560061,-355.884294,436320
902,-524.6452764000001,-446.52335850000003,-896.560061,-355.884294,436800
903,-524.6452764000001,-446.52335850000003,-896.560061,-355.884294,437280
904,-472.9072016,-366.071412,-896.560061,-355.884294,437760
905,-472.9072016,-366.071412,-896.560061,-355.884294,438240
906,-472.9072016,-366.071412,-896.560061,-355.884294,438720
907,-472.9072016,-366.071412,-896.560061,-355.884294,439200
908,-491.5189246,-446.52335850000003,-896.560061,-355.884294,439680
909,-491.5189246,-446.52335850000003,-896.560061,-355.884294,440160
910,-491.5189246,-446.52335850000003,-896.560061,-355.884294,440640
911,-491.5189246,-446.52335850000003,-896.560061,-355.884294,441120
912,-554.7012455,-538.8952885,-998.581306,-355.884294,441600
913,-554.7012455,-538.8952885,-998.581306,-355.884294,442080
914,-554.7012455,-538.8952885,-998.581306,-355.884294,442560
915,-554.7012455,-538.8952885,-998.581306,-355.884294,443040
916,-532.5171728,-444.01892,-998.581306,-355.884294,443520
917,-532.5171728,-444.01892,-998.581306,-355.884294,444000
918,-532.5171728,-444.01892,-998.581306,-355.884294,444480
919,-532.5171728,-444.01892,-998.581306,-355.884294,444960
920,-551.1249212999999,-536.817944,-998.581306,-355.884294,445440
921,-551.1249212999999,-536.817944,-998.581306,-355.884294,445920
922,-551.1249212999999,-536.817944,-998.581306,-355.884294,446400
923,-551.1249212999999,-536.817944,-998.581306,-355.884294,446880
924,-567.8202024,-538.0246495,-998.581306,-355.884294,447360
925,-567.8202024,-538.0246495,-998.581306,-355.884294,447840
926,-567.8202024,-538.0246495,-998.581306,-355.884294,448320
927,-567.8202024,-538.0246495,-998.581306,-355.884294,448800
928,-563.9884251,-527.4953255,-998.581306,-355.884294,449280
929,-563.9884251,-527.4953255,-998.581306,-355.884294,449760
930,-563.9884251,-527.4953255,-998.581306,-355.884294,450240
931,-563.9884251,-527.4953255,-998.581306,-355.884294,450720
932,-565.376933,-534.4378650000001,-998.581306,-355.884294,451200
933,-565.376933,-534.4378650000001,-998.581306,-355.884294,451680
934,-565.376933,-534.4378650000001,-998.581306,-355.884294,452160
935,-565.376933,-534.4378650000001,-998.581306,-355.884294,452640
936,-565.8340094,-534.4378650000001,-998.581306,-355.884294,453120
937,-565.8340094,-534.4378650000001,-998.581306,-355.884294,453600
938,-565.8340094,-534.4378650000001,-998.581306,-355.884294,454080
939,-565.8340094,-534.4378650000001,-998.581306,-355.884294,454560
940,-620.5138721999999,-543.7604835,-998.581306,-356.80355,455040
941,-620.5138721999999,-543.7604835,-998.581306,-356.80355,455520
942,-620.5138721999999,-543.7604835,-998.581306,-356.80355,456000
943,-620.5138721999999,-543.7604835,-998.581306,-356.80355,456480
944,-620.7914417,-543.7604835,-998.581306,-359.087104,456960
945,-620.7914417,-543.7604835,-998.581306,-359.087104,457440
946,-620.7914417,-543.7604835,-998.581306,-359.087104,457920
947,-620.7914417,-543.7604835,-998.581306,-359.087104,458400
948,-655.2679316000001,-543.7604835,-998.581306,-359.087104,458880
949,-655.2679316000001,-543.7604835,-998.581306,-359.087104,459360
950,-655.2679316000001,-543.7604835,-998.581306,-359.087104,459840
951,-655.2679316000001,-543.7604835,-998.581306,-359.087104,460320
952,-608.0846332,-534.4378650000001,-902.682922,-359.087104,460800
953,-608.0846332,-534.4378650000001,-902.682922,-359.087104,461280
954,-608.0846332,-534.4378650000001,-902.682922,-359.087104,461760
955,-608.0846332,-534.4378650000001,-902.682922,-359.087104,462240
956,-608.4233561000001,-534.4378650000001,-902.682922,-359.579245,462720
957,-608.4233561000001,-534.4378650000001,-902.682922,-359.579245,463200
958,-608.4233561000001,-534.4378650000001,-902.682922,-359.579245,463680
959,-608.4233561000001,-534.4378650000001,-902.682922,-359.579245,464160
960,-646.4876926999999,-534.4378650000001,-927.990634,-359.579245,464640
961,-646.4876926999999,-534.4378650000001,-927.990634,-359.579245,465120
962,-646.4876926999999,-534.4378650000001,-927.990634,-359.579245,465600
963,-646.4876926999999,-534.4378650000001,-927.990634,-359.579245,466080
964,-629.185328,-533.4610105,-927.990634,-355.678384,466560
965,-629.185328,-533.4610105,-927.990634,-355.678384,467040
966,-629.185328,-533.4610105,-927.990634,-355.678384,467520
967,-629.185328,-533.4610105,-927.990634,-355.678384,468000
968,-666.5389289999999,-716.4188845000001,-927.990634,-355.678384,468480
969,-666.5389289999999,-716.4188845000001,-927.990634,-355.678384,468960
970,-666.5389289999999,-716.4188845000001,-927.990634,-355.678384,469440
971,-666.5389289999999,-716.4188845000001,-927.990634,-355.678384,469920
972,-664.7848269,-709.7061960000001,-927.990634,-355.678384,470400
973,-664.7848269,-709.7061960000001,-927.990634,-355.678384,470880
974,-664.7848269,-709.7061960000001,-927.990634,-355.678384,471360
975,-664.7848269,-709.7061960000001,-927.990634,-355.678384,471840
976,-627.8407064999999,-529.2189715,-927.990634,-355.678384,472320
977,-627.8407064999999,-529.2189715,-927.990634,-355.678384,472800
978,-627.8407064999999,-529.2189715,-927.990634,-355.678384,473280
979,-627.8407064999999,-529.2189715,-927.990634,-355.678384,473760
980,-627.9441939999999,-529.2189715,-927.990634,-355.678384,474240
981,-627.9441939999999,-529.2189715,-927.990634,-355.678384,474720
982,-627.9441939999999,-529.2189715,-927.990634,-355.678384,475200
983,-627.9441939999999,-529.2189715,-927.990634,-355.678384,475680
984,-681.2323049,-712.0749875,-927.990634,-355.678384,476160
985,-681.2323049,-712.0749875,-927.990634,-355.678384,476640
986,-681.2323049,-712.0749875,-927.990634,-355.678384,477120
987,-681.2323049,-712.0749875,-927.990634,-355.678384,477600
988,-627.2204911000001,-529.2189715,-927.990634,-355.678384,478080
989,-627.2204911000001,-529.2189715,-927.990634,-355.678384,478560
990,-627.2204911000001,-529.2189715,-927.990634,-355.678384,479040
991,-627.2204911000001,-529.2189715,-927.990634,-355.678384,479520
992,-629.0167566,-538.200299,-927.990634,-355.678384,480000
993,-629.0167566,-538.200299,-927.990634,-355.678384,480480
994,-629.0167566,-538.200299,-927.990634,-355.678384,480960
995,-629.0167566,-538.200299,-927.990634,-355.678384,481440
996,-627.0612844,-538.200299,-927.990634,-342.919611,481920
997,-627.0612844,-538.200299,-927.990634,-342.919611,482400
998,-627.0612844,-538.200299,-927.990634,-342.919611,482880
999,-627.0612844,-538.200299,-927.990634,-342.919611,483360
1000,-584.7573426000001,-527.1611495,-903.717797,-342.919611,483840
1001,-584.7573426000001,-527.1611495,-903.717797,-342.919611,484320
1002,-584.7573426000001,-527.1611495,-903.717797,-342.919611,484800
1003,-584.7573426000001,-527.1611495,-903.717797,-342.919611,485280
1004,-637.0051223000002,-538.200299,-903.717797,-342.919611,485760
1005,-637.0051223000002,-538.200299,-903.717797,-342.919611,486240
1006,-637.0051223000002,-538.200299,-903.717797,-342.919611,486720
1007,-637.0051223000002,-538.200299,-903.717797,-342.919611,487200
1008,-636.7750856,-538.200299,-903.717797,-342.919611,487680
1009,-636.7750856,-538.200299,-903.717797,-342.919611,488160
1010,-636.7750856,-538.200299,-903.717797,-342.919611,488640
1011,-636.7750856,-538.200299,-903.717797,-342.919611,489120
1012,-675.0304813,-711.433579,-905.186635,-342.919611,489600
1013,-675.0304813,-711.433579,-905.186635,-342.919611,490080
1014,-675.0304813,-711.433579,-905.186635,-342.919611,490560
1015,-675.0304813,-711.433579,-905.186635,-342.919611,491040
1016,-671.7302470000001,-711.433579,-905.186635,-342.919611,491520
1017,-671.7302470000001,-711.433579,-905.186635,-342.919611,492000
1018,-671.7302470000001,-711.433579,-905.186635,-342.919611,492480
1019,-671.7302470000001,-711.433579,-905.186635,-342.919611,492960
1020,-669.3928343,-711.433579,-905.186635,-342.919611,493440
1021,-669.3928343,-711.433579,-905.186635,-342.919611,493920
1022,-669.3928343,-711.433579,-905.186635,-342.919611,494400
1023,-669.3928343,-711.433579,-905.186635,-342.919611,494880
1024,-631.8922629,-531.0828085,-905.186635,-342.919611,495360
1025,-631.8922629,-531.0828085,-905.186635,-342.919611,495840
1026,-631.8922629,-531.0828085,-905.186635,-342.919611,496320
1027,-631.8922629,-531.0828085,-905.186635,-342.919611,496800
1028,-630.1084299,-531.0828085,-905.186635,-338.310388,497280
1029,-630.1084299,-531.0828085,-905.186635,-338.310388,497760
1030,-630.1084299,-531.0828085,-905.186635,-338.310388,498240
1031,-630.1084299,-531.0828085,-905.186635,-338.310388,498720
1032,-667.5014735,-697.8054105,-918.641413,-338.310388,499200
1033,-667.5014735,-697.8054105,-918.641413,-338.310388,499680
